,Mkt-RF,SMB,HML,RF
20180102,    0.85,    0.35,   -0.21,   0.006
20180103,    0.59,   -0.39,   -0.19,   0.006
20180104,    0.42,   -0.26,    0.25,   0.006
20180105,    0.66,   -0.35,   -0.25,   0.006
20180108,    0.19,   -0.15,    0.04,   0.006
20180109,    0.15,   -0.35,   -0.04,   0.006
20180110,   -0.07,    0.06,    0.56,   0.006
20180111,    0.87,    1.14,    0.30,   0.006
20180112,    0.66,   -0.32,    0.16,   0.006
20180116,   -0.49,   -1.02,    0.01,   0.006
20180117,    0.95,   -0.03,   -0.10,   0.006
20180118,   -0.18,   -0.50,   -0.25,   0.006
20180119,    0.57,    0.94,   -0.05,   0.006
20180122,    0.77,   -0.34,   -0.16,   0.006
20180123,    0.22,    0.14,   -0.36,   0.006
20180124,   -0.13,   -0.84,    0.44,   0.006
20180125,    0.07,    0.14,   -0.54,   0.006
20180126,    1.11,   -0.60,   -0.51,   0.006
20180129,   -0.62,   -0.04,   -0.28,   0.006
20180130,   -1.06,    0.14,   -0.21,   0.006
20180131,   -0.07,   -0.74,    0.11,   0.006
20180201,    0.03,    0.08,    0.53,   0.006
20180202,   -2.13,    0.04,   -0.29,   0.006
20180205,   -4.03,    0.78,   -0.58,   0.006
20180206,    1.67,   -0.52,   -0.18,   0.006
20180207,   -0.38,    0.52,    0.20,   0.006
20180208,   -3.68,    0.81,    0.51,   0.006
20180209,    1.36,   -0.58,    0.15,   0.006
20180212,    1.36,   -0.47,   -0.30,   0.006
20180213,    0.31,    0.08,   -0.24,   0.006
20180214,    1.52,    0.26,    0.48,   0.006
20180215,    1.21,   -0.14,   -0.63,   0.006
20180216,    0.03,    0.36,    0.16,   0.006
20180220,   -0.62,   -0.36,   -0.24,   0.006
20180221,   -0.43,    0.78,    0.23,   0.006
20180222,    0.01,    0.04,   -0.41,   0.006
20180223,    1.54,   -0.38,   -0.15,   0.006
20180226,    1.12,   -0.51,   -0.07,   0.006
20180227,   -1.25,   -0.19,    0.03,   0.006
20180228,   -1.11,   -0.42,   -0.32,   0.006
20180301,   -1.19,    1.01,   -0.02,   0.005
20180302,    0.70,    1.17,   -0.49,   0.005
20180305,    1.06,   -0.39,    0.23,   0.005
20180306,    0.36,    0.69,    0.12,   0.005
20180307,    0.05,    0.78,   -0.44,   0.005
20180308,    0.37,   -0.48,   -0.36,   0.005
20180309,    1.70,   -0.25,    0.28,   0.005
20180312,   -0.09,    0.47,   -0.08,   0.005
20180313,   -0.67,    0.08,    0.03,   0.005
20180314,   -0.53,    0.23,   -0.57,   0.005
20180315,   -0.18,   -0.39,    0.31,   0.005
20180316,    0.25,    0.46,    0.17,   0.005
20180319,   -1.38,    0.35,    0.41,   0.005
20180320,    0.15,   -0.08,   -0.36,   0.005
20180321,   -0.06,    0.75,    0.44,   0.005
20180322,   -2.54,    0.51,   -0.49,   0.005
20180323,   -2.09,    0.21,   -0.23,   0.005
20180326,    2.67,   -0.68,    0.03,   0.005
20180327,   -1.87,   -0.21,    0.37,   0.005
20180328,   -0.35,    0.13,    0.64,   0.005
20180329,    1.41,   -0.31,   -0.22,   0.005
20180402,   -2.29,   -0.14,    0.37,   0.007
20180403,    1.24,   -0.03,    0.19,   0.007
20180404,    1.17,    0.33,   -0.31,   0.007
20180405,    0.75,    0.03,    0.47,   0.007
20180406,   -2.19,    0.39,   -0.06,   0.007
20180409,    0.30,   -0.15,   -0.52,   0.007
20180410,    1.77,    0.40,   -0.12,   0.007
20180411,   -0.49,    0.92,   -0.31,   0.007
20180412,    0.84,   -0.23,    0.18,   0.007
20180413,   -0.37,    0.03,   -0.25,   0.007
20180416,    0.82,    0.08,   -0.02,   0.007
20180417,    1.09,    0.16,   -1.18,   0.007
20180418,    0.13,    0.21,    0.02,   0.007
20180419,   -0.49,   -0.47,    1.08,   0.007
20180420,   -0.81,    0.06,    0.58,   0.007
20180423,   -0.05,   -0.07,    0.19,   0.007
20180424,   -1.30,    0.53,    1.02,   0.007
20180425,    0.10,   -0.34,    0.06,   0.007
20180426,    0.96,   -0.38,   -0.84,   0.007
20180427,    0.01,   -0.26,    0.04,   0.007
20180430,   -0.80,    0.03,   -0.09,   0.007
20180501,    0.24,    0.23,   -0.53,   0.006
20180502,   -0.63,    1.28,   -0.36,   0.006
20180503,   -0.25,   -0.52,   -0.15,   0.006
20180504,    1.30,    0.02,   -0.20,   0.006
20180507,    0.42,    0.42,   -0.33,   0.006
20180508,    0.07,    0.50,    0.24,   0.006
20180509,    0.89,   -0.23,    0.25,   0.006
20180510,    0.85,   -0.43,   -0.04,   0.006
20180511,    0.19,    0.12,   -0.38,   0.006
20180514,    0.05,   -0.36,    0.11,   0.006
20180515,   -0.55,    0.67,    0.40,   0.006
20180516,    0.50,    0.71,   -0.25,   0.006
20180517,    0.02,    0.90,    0.29,   0.006
20180518,   -0.23,    0.57,   -0.61,   0.006
20180521,    0.72,   -0.19,    0.44,   0.006
20180522,   -0.42,   -0.76,    0.61,   0.006
20180523,    0.29,    0.05,   -0.70,   0.006
20180524,   -0.16,    0.37,   -0.35,   0.006
20180525,   -0.21,    0.25,   -0.39,   0.006
20180529,   -1.04,    1.32,   -1.03,   0.006
20180530,    1.31,    0.04,    0.37,   0.006
20180531,   -0.70,    0.08,   -0.42,   0.006
20180601,    1.06,   -0.23,   -0.11,   0.006
20180604,    0.48,    0.17,   -0.45,   0.006
20180605,    0.17,    0.82,   -0.44,   0.006
20180606,    0.86,   -0.33,    0.20,   0.006
20180607,   -0.14,   -0.30,    0.93,   0.006
20180608,    0.31,    0.08,   -0.40,   0.006
20180611,    0.12,    0.17,   -0.17,   0.006
20180612,    0.23,    0.23,   -0.63,   0.006
20180613,   -0.33,    0.08,   -0.20,   0.006
20180614,    0.27,    0.32,   -1.00,   0.006
20180615,   -0.08,    0.05,   -0.24,   0.006
20180618,   -0.09,    0.72,    0.08,   0.006
20180619,   -0.38,    0.57,   -0.14,   0.006
20180620,    0.23,    0.73,   -0.51,   0.006
20180621,   -0.73,   -0.63,    0.33,   0.006
20180622,    0.11,    0.00,    0.46,   0.006
20180625,   -1.48,   -0.54,    0.57,   0.006
20180626,    0.27,    0.63,   -0.24,   0.006
20180627,   -1.02,   -0.99,    0.36,   0.006
20180628,    0.58,   -0.18,   -0.51,   0.006
20180629,    0.07,   -0.20,   -0.24,   0.006
20180702,    0.36,    0.44,   -0.25,   0.008
20180703,   -0.44,    0.81,   -0.02,   0.008
20180705,    0.87,    0.44,   -0.43,   0.008
20180706,    0.88,    0.05,   -0.30,   0.008
20180709,    0.93,   -0.41,    0.86,   0.008
20180710,    0.21,   -0.78,   -0.17,   0.008
20180711,   -0.69,   -0.02,   -0.45,   0.008
20180712,    0.86,   -0.35,   -1.14,   0.008
20180713,    0.08,   -0.12,   -0.29,   0.008
20180716,   -0.16,   -0.77,    0.98,   0.008
20180717,    0.48,    0.26,   -0.76,   0.008
20180718,    0.27,   -0.28,    0.67,   0.008
20180719,   -0.34,    0.96,   -0.36,   0.008
20180720,   -0.10,   -0.18,    0.12,   0.008
20180723,    0.15,   -0.30,    0.55,   0.008
20180724,    0.22,   -1.36,    0.39,   0.008
20180725,    0.83,   -0.43,   -1.06,   0.008
20180726,   -0.20,    0.64,    0.57,   0.008
20180727,   -0.82,   -1.38,    1.06,   0.008
20180730,   -0.70,   -0.21,    1.56,   0.008
20180731,    0.51,    0.85,   -1.11,   0.008
20180801,   -0.13,    0.04,   -0.18,   0.007
20180802,    0.67,    0.31,   -0.67,   0.007
20180803,    0.31,   -1.07,    0.52,   0.007
20180806,    0.46,    0.25,   -0.33,   0.007
20180807,    0.29,    0.03,   -0.17,   0.007
20180808,   -0.04,   -0.12,    0.27,   0.007
20180809,   -0.05,    0.37,   -0.35,   0.007
20180810,   -0.60,    0.39,   -0.21,   0.007
20180813,   -0.46,   -0.15,   -0.30,   0.007
20180814,    0.69,    0.30,    0.21,   0.007
20180815,   -0.91,   -0.54,   -0.12,   0.007
20180816,    0.86,   -0.07,    0.26,   0.007
20180817,    0.30,    0.09,    0.02,   0.007
20180820,    0.25,    0.12,    0.14,   0.007
20180821,    0.33,    0.90,    0.12,   0.007
20180822,    0.05,    0.36,   -0.35,   0.007
20180823,   -0.19,   -0.06,   -0.33,   0.007
20180824,    0.62,   -0.02,   -0.57,   0.007
20180827,    0.74,   -0.67,   -0.16,   0.007
20180828,   -0.01,   -0.12,   -0.28,   0.007
20180829,    0.56,   -0.05,   -0.58,   0.007
20180830,   -0.41,    0.29,   -0.42,   0.007
20180831,    0.08,    0.50,   -0.39,   0.007
20180904,   -0.11,   -0.37,    0.01,   0.008
20180905,   -0.41,   -0.18,    0.66,   0.008
20180906,   -0.44,   -0.35,   -0.24,   0.008
20180907,   -0.18,    0.10,   -0.21,   0.008
20180910,    0.23,    0.12,   -0.37,   0.008
20180911,    0.37,   -0.29,   -0.24,   0.008
20180912,    0.03,   -0.06,   -0.22,   0.008
20180913,    0.45,   -0.44,   -0.40,   0.008
20180914,    0.12,    0.27,    0.25,   0.008
20180917,   -0.71,   -0.45,    0.84,   0.008
20180918,    0.57,    0.05,   -0.48,   0.008
20180919,    0.06,   -0.66,    1.28,   0.008
20180920,    0.77,    0.31,   -0.22,   0.008
20180921,   -0.13,   -0.42,    0.30,   0.008
20180924,   -0.31,    0.06,   -0.91,   0.008
20180925,   -0.05,    0.27,   -0.38,   0.008
20180926,   -0.40,   -0.38,   -0.63,   0.008
20180927,    0.27,   -0.26,   -0.56,   0.008
20180928,   -0.03,    0.40,   -0.20,   0.008
20181001,    0.16,   -1.62,    0.34,   0.008
20181002,   -0.21,   -0.98,    0.60,   0.008
20181003,    0.20,    0.84,    0.50,   0.008
20181004,   -0.93,   -1.06,    1.58,   0.008
20181005,   -0.64,   -0.42,    0.39,   0.008
20181008,   -0.17,   -0.40,    1.22,   0.008
20181009,   -0.18,   -0.29,    0.28,   0.008
20181010,   -3.33,    0.30,    1.12,   0.008
20181011,   -1.96,    0.45,   -0.92,   0.008
20181012,    1.38,   -0.88,   -1.74,   0.008
20181015,   -0.48,    0.92,    0.51,   0.008
20181016,    2.24,    0.68,   -1.43,   0.008
20181017,   -0.08,   -0.68,    0.26,   0.008
20181018,   -1.54,   -0.54,    0.43,   0.008
20181019,   -0.25,   -1.33,    0.72,   0.008
20181022,   -0.38,    0.48,   -1.25,   0.008
20181023,   -0.62,   -0.09,   -0.42,   0.008
20181024,   -3.33,   -0.93,    0.77,   0.008
20181025,    1.93,    0.41,   -0.59,   0.008
20181026,   -1.65,    0.58,    0.35,   0.008
20181029,   -0.77,   -0.33,    1.61,   0.008
20181030,    1.66,    0.42,    0.07,   0.008
20181031,    1.22,   -0.66,   -0.73,   0.008
20181101,    1.29,    1.35,   -1.14,   0.008
20181102,   -0.53,    0.80,    0.67,   0.008
20181105,    0.40,   -1.01,    1.56,   0.008
20181106,    0.58,   -0.16,    0.03,   0.008
20181107,    2.11,   -0.33,   -1.06,   0.008
20181108,   -0.28,   -0.25,    0.25,   0.008
20181109,   -1.04,   -0.86,    0.42,   0.008
20181112,   -2.06,    0.01,    0.85,   0.008
20181113,   -0.13,   -0.11,    0.16,   0.008
20181114,   -0.77,    0.03,   -0.28,   0.008
20181115,    1.18,    0.36,   -0.40,   0.008
20181116,    0.15,    0.02,   -0.06,   0.008
20181119,   -1.88,   -0.73,    2.30,   0.008
20181120,   -1.85,    0.14,   -0.54,   0.008
20181121,    0.51,    0.98,   -0.34,   0.008
20181123,   -0.55,    0.83,   -0.60,   0.008
20181126,    1.62,   -0.66,   -0.20,   0.008
20181127,    0.11,   -1.09,    0.26,   0.008
20181128,    2.42,    0.45,   -1.17,   0.008
20181129,   -0.22,   -0.10,   -0.10,   0.008
20181130,    0.78,   -0.33,   -0.43,   0.008
20181203,    1.13,   -0.05,   -0.81,   0.011
20181204,   -3.45,   -0.96,   -0.20,   0.011
20181206,   -0.16,    0.13,   -1.05,   0.011
20181207,   -2.36,    0.21,    1.33,   0.011
20181210,    0.10,   -0.11,   -1.62,   0.011
20181211,   -0.08,   -0.05,   -0.42,   0.011
20181212,    0.68,    0.58,   -0.18,   0.011
20181213,   -0.26,   -1.51,   -0.19,   0.011
20181214,   -1.89,   -0.07,    0.50,   0.011
20181217,   -2.13,   -0.26,    1.08,   0.011
20181218,   -0.03,    0.02,   -0.61,   0.011
20181219,   -1.58,   -0.62,    0.03,   0.011
20181220,   -1.62,   -0.29,    0.97,   0.011
20181221,   -2.17,   -0.55,    0.76,   0.011
20181224,   -2.55,    1.00,   -0.49,   0.011
20181226,    5.06,   -0.05,   -1.01,   0.011
20181227,    0.78,   -0.67,   -0.13,   0.011
20181228,   -0.03,    0.77,    0.26,   0.011
20181231,    0.90,   -0.10,   -0.45,   0.011
20190102,    0.23,    0.59,    1.12,   0.010
20190103,   -2.45,    0.36,    1.19,   0.010
20190104,    3.55,    0.41,   -0.70,   0.010
20190107,    0.94,    1.00,   -0.75,   0.010
20190108,    1.01,    0.52,   -0.63,   0.010
20190109,    0.56,    0.46,    0.10,   0.010
20190110,    0.42,    0.03,   -0.46,   0.010
20190111,   -0.01,    0.12,    0.22,   0.010
20190114,   -0.60,   -0.59,    0.94,   0.010
20190115,    1.06,    0.00,   -0.88,   0.010
20190116,    0.28,    0.04,    0.92,   0.010
20190117,    0.75,    0.11,   -0.24,   0.010
20190118,    1.29,   -0.36,    0.12,   0.010
20190122,   -1.53,   -0.40,    0.33,   0.010
20190123,    0.15,   -0.39,   -0.14,   0.010
20190124,    0.23,    0.44,    0.00,   0.010
20190125,    0.90,    0.46,   -0.35,   0.010
20190128,   -0.80,   -0.16,    0.63,   0.010
20190129,   -0.19,   -0.01,    0.17,   0.010
20190130,    1.51,   -0.15,   -0.94,   0.010
20190131,    0.92,    0.12,   -1.08,   0.010
20190201,    0.14,   -0.14,    0.43,   0.010
20190204,    0.72,    0.49,   -0.46,   0.010
20190205,    0.43,   -0.08,   -0.60,   0.010
20190206,   -0.22,   -0.02,    0.07,   0.010
20190207,   -0.93,   -0.14,    0.40,   0.010
20190208,    0.09,    0.05,   -0.68,   0.010
20190211,    0.14,    0.66,    0.22,   0.010
20190212,    1.36,    0.02,   -0.17,   0.010
20190213,    0.28,    0.07,    0.07,   0.010
20190214,   -0.21,    0.52,   -0.58,   0.010
20190215,    1.13,    0.25,    0.47,   0.010
20190219,    0.19,    0.30,    0.30,   0.010
20190220,    0.19,    0.21,    0.55,   0.010
20190221,   -0.37,   -0.07,   -0.22,   0.010
20190222,    0.65,    0.55,   -1.47,   0.010
20190225,    0.15,   -0.26,   -0.18,   0.010
20190226,   -0.16,   -0.63,   -0.33,   0.010
20190227,    0.09,    0.19,   -0.12,   0.010
20190228,   -0.31,    0.01,   -0.24,   0.010
20190301,    0.72,    0.29,   -0.41,   0.009
20190304,   -0.52,   -0.40,    0.38,   0.009
20190305,   -0.17,   -0.31,   -0.23,   0.009
20190306,   -0.84,   -1.27,    0.05,   0.009
20190307,   -0.82,   -0.07,   -0.33,   0.009
20190308,   -0.22,    0.05,   -0.15,   0.009
20190311,    1.49,    0.36,   -0.52,   0.009
20190312,    0.25,   -0.27,   -0.08,   0.009
20190313,    0.68,   -0.31,    0.07,   0.009
20190314,   -0.10,   -0.40,    0.30,   0.009
20190315,    0.48,   -0.25,   -0.24,   0.009
20190318,    0.46,    0.16,    0.44,   0.009
20190319,   -0.09,   -0.38,   -0.91,   0.009
20190320,   -0.39,    0.02,   -1.04,   0.009
20190321,    1.11,    0.30,   -1.23,   0.009
20190322,   -2.17,   -1.52,   -0.06,   0.009
20190325,   -0.05,    0.66,   -0.27,   0.009
20190326,    0.76,    0.17,    0.46,   0.009
20190327,   -0.50,    0.10,    0.49,   0.009
20190328,    0.40,    0.34,    0.02,   0.009
20190329,    0.66,   -0.22,   -0.92,   0.009
20190401,    1.19,   -0.30,    0.99,   0.010
20190402,   -0.05,   -0.13,   -0.44,   0.010
20190403,    0.27,    0.22,   -0.39,   0.010
20190404,    0.19,    0.21,    0.92,   0.010
20190405,    0.52,    0.53,   -0.08,   0.010
20190408,    0.08,   -0.29,    0.10,   0.010
20190409,   -0.65,   -0.57,   -0.14,   0.010
20190410,    0.48,    0.97,   -0.10,   0.010
20190411,    0.00,   -0.31,    0.41,   0.010
20190412,    0.65,   -0.50,    0.64,   0.010
20190415,   -0.09,   -0.22,   -0.54,   0.010
20190416,    0.13,    0.12,    0.70,   0.010
20190417,   -0.32,   -0.70,    0.83,   0.010
20190418,    0.11,   -0.25,   -0.51,   0.010
20190422,    0.11,   -0.46,   -0.55,   0.010
20190423,    0.97,    0.72,   -0.48,   0.010
20190424,   -0.23,    0.27,   -0.08,   0.010
20190425,   -0.14,   -0.75,   -0.19,   0.010
20190426,    0.53,    0.43,    0.07,   0.010
20190429,    0.18,    0.08,    0.64,   0.010
20190430,   -0.04,   -0.70,    0.28,   0.010
20190501,   -0.83,   -0.10,   -0.02,   0.009
20190502,   -0.16,    0.45,   -0.27,   0.009
20190503,    1.13,    0.94,   -0.27,   0.009
20190506,   -0.39,    0.60,   -0.42,   0.009
20190507,   -1.69,   -0.28,    0.50,   0.009
20190508,   -0.22,   -0.15,   -0.32,   0.009
20190509,   -0.28,    0.08,    0.12,   0.009
20190510,    0.35,   -0.37,    0.08,   0.009
20190513,   -2.67,   -0.73,    0.29,   0.009
20190514,    0.93,    0.40,   -0.02,   0.009
20190515,    0.58,    0.05,   -0.95,   0.009
20190516,    0.91,   -0.40,   -0.32,   0.009
20190517,   -0.73,   -0.80,    0.29,   0.009
20190520,   -0.65,   -0.23,    0.72,   0.009
20190521,    0.90,    0.43,   -0.35,   0.009
20190522,   -0.40,   -0.52,   -0.59,   0.009
20190523,   -1.37,   -0.69,   -0.27,   0.009
20190524,    0.23,    0.50,    0.31,   0.009
20190528,   -0.78,    0.29,   -0.63,   0.009
20190529,   -0.71,   -0.29,    0.42,   0.009
20190530,    0.14,   -0.28,   -0.77,   0.009
20190531,   -1.37,   -0.22,   -0.09,   0.009
20190603,   -0.40,    0.35,    1.65,   0.009
20190604,    2.33,    0.42,   -0.02,   0.009
20190605,    0.70,   -0.98,   -0.97,   0.009
20190606,    0.55,   -1.04,    0.01,   0.009
20190607,    1.04,    0.05,   -1.20,   0.009
20190610,    0.53,   -0.04,    0.08,   0.009
20190611,   -0.12,   -0.25,    0.55,   0.009
20190612,   -0.20,    0.41,   -0.98,   0.009
20190613,    0.52,    0.67,   -0.04,   0.009
20190614,   -0.27,   -0.79,    0.31,   0.009
20190617,    0.15,    0.63,   -1.12,   0.009
20190618,    1.04,    0.16,    0.33,   0.009
20190619,    0.32,    0.11,   -0.60,   0.009
20190620,    0.89,   -0.36,   -0.23,   0.009
20190621,   -0.21,   -0.47,   -0.04,   0.009
20190624,   -0.34,   -0.89,    0.08,   0.009
20190625,   -0.98,    0.34,    0.71,   0.009
20190626,   -0.06,   -0.05,    0.25,   0.009
20190627,    0.60,    1.42,   -0.09,   0.009
20190628,    0.68,    0.64,    0.61,   0.009
20190701,    0.75,   -0.54,   -0.13,   0.009
20190702,    0.14,   -0.79,   -0.81,   0.009
20190703,    0.78,   -0.04,   -0.33,   0.009
20190705,   -0.10,    0.16,    0.91,   0.009
20190708,   -0.58,   -0.45,    0.05,   0.009
20190709,    0.18,   -0.15,   -0.43,   0.009
20190710,    0.40,   -0.15,   -0.36,   0.009
20190711,    0.19,   -0.79,    0.04,   0.009
20190712,    0.53,    0.18,    0.41,   0.009
20190715,   -0.04,   -0.34,   -1.07,   0.009
20190716,   -0.32,    0.35,    0.10,   0.009
20190717,   -0.64,   -0.15,   -0.65,   0.009
20190718,    0.35,   -0.29,    0.02,   0.009
20190719,   -0.56,    0.15,    0.86,   0.009
20190722,    0.25,   -0.44,   -0.49,   0.009
20190723,    0.65,   -0.23,    0.81,   0.009
20190724,    0.66,    0.74,    0.85,   0.009
20190725,   -0.63,   -0.66,   -0.12,   0.009
20190726,    0.82,    0.39,   -0.19,   0.009
20190729,   -0.32,   -0.34,   -0.46,   0.009
20190730,   -0.17,    1.36,    0.89,   0.009
20190731,   -1.09,    0.12,    0.61,   0.009
20190801,   -1.04,   -0.42,   -1.90,   0.007
20190802,   -0.87,   -0.31,    0.07,   0.007
20190805,   -3.07,   -0.01,    0.00,   0.007
20190806,    1.29,   -0.42,   -0.59,   0.007
20190807,    0.07,    0.08,   -0.90,   0.007
20190808,    1.97,    0.04,   -0.23,   0.007
20190809,   -0.78,   -0.42,   -0.23,   0.007
20190812,   -1.32,    0.28,   -0.27,   0.007
20190813,    1.47,   -0.17,   -0.54,   0.007
20190814,   -2.95,    0.22,   -0.51,   0.007
20190815,    0.16,   -0.61,   -0.52,   0.007
20190816,    1.55,    0.52,    0.61,   0.007
20190819,    1.14,    0.01,    0.22,   0.007
20190820,   -0.75,    0.30,   -0.50,   0.007
20190821,    0.85,    0.05,   -0.30,   0.007
20190822,   -0.10,   -0.53,    0.49,   0.007
20190823,   -2.66,   -0.55,   -0.18,   0.007
20190826,    1.08,   -0.02,   -0.17,   0.007
20190827,   -0.46,   -0.88,   -0.67,   0.007
20190828,    0.68,    0.46,    0.62,   0.007
20190829,    1.35,    0.31,    0.34,   0.007
20190830,    0.03,   -0.38,    0.23,   0.007
20190903,   -0.86,   -0.95,    0.10,   0.009
20190904,    1.08,   -0.22,    0.43,   0.009
20190905,    1.42,    0.40,    0.70,   0.009
20190906,   -0.02,   -0.39,    0.04,   0.009
20190909,    0.07,    0.74,    3.06,   0.009
20190910,    0.17,    1.06,    1.13,   0.009
20190911,    0.88,    1.33,   -0.04,   0.009
20190912,    0.22,   -0.30,   -0.13,   0.009
20190913,   -0.01,    0.01,    0.74,   0.009
20190916,   -0.23,    0.90,    0.53,   0.009
20190917,    0.17,   -0.59,   -1.19,   0.009
20190918,   -0.05,   -0.76,    0.06,   0.009
20190919,   -0.05,   -0.43,   -0.46,   0.009
20190920,   -0.48,    0.29,    0.15,   0.009
20190923,   -0.02,   -0.17,    0.51,   0.009
20190924,   -1.01,   -0.73,    0.00,   0.009
20190925,    0.69,    0.36,    0.52,   0.009
20190926,   -0.41,   -0.96,    0.12,   0.009
20190927,   -0.62,   -0.34,    0.88,   0.009
20190930,    0.50,   -0.17,   -0.48,   0.009
20191001,   -1.31,   -0.46,   -0.58,   0.007
20191002,   -1.73,    0.90,   -0.36,   0.007
20191003,    0.80,   -0.22,   -0.89,   0.007
20191004,    1.39,   -0.47,   -0.07,   0.007
20191007,   -0.41,    0.16,   -0.02,   0.007
20191008,   -1.61,   -0.13,   -0.12,   0.007
20191009,    0.92,   -0.55,   -0.09,   0.007
20191010,    0.59,   -0.40,    0.26,   0.007
20191011,    1.23,    0.47,    0.19,   0.007
20191014,   -0.18,   -0.34,   -0.04,   0.007
20191015,    1.03,    0.25,   -0.25,   0.007
20191016,   -0.24,    0.40,    0.23,   0.007
20191017,    0.37,    0.81,   -0.28,   0.007
20191018,   -0.49,   -0.35,    0.87,   0.007
20191021,    0.71,    0.16,    0.35,   0.007
20191022,   -0.34,    0.22,    0.86,   0.007
20191023,    0.25,   -0.09,    0.27,   0.007
20191024,    0.25,   -0.26,   -0.89,   0.007
20191025,    0.51,    0.27,    0.08,   0.007
20191028,    0.62,    0.27,   -0.25,   0.007
20191029,   -0.13,    0.30,    0.50,   0.007
20191030,    0.27,   -0.36,   -1.17,   0.007
20191031,   -0.38,   -0.26,   -0.43,   0.007
20191101,    1.08,    0.48,    0.83,   0.006
20191104,    0.40,    0.01,    1.36,   0.006
20191105,   -0.03,    0.24,    0.44,   0.006
20191106,   -0.05,   -0.72,    0.23,   0.006
20191107,    0.38,   -0.14,    0.51,   0.006
20191108,    0.31,    0.06,   -0.36,   0.006
20191111,   -0.19,    0.00,   -0.19,   0.006
20191112,    0.16,   -0.12,   -0.15,   0.006
20191113,    0.01,   -0.22,   -0.82,   0.006
20191114,    0.07,   -0.11,   -0.25,   0.006
20191115,    0.74,   -0.25,   -0.33,   0.006
20191118,    0.02,   -0.35,   -0.51,   0.006
20191119,    0.02,    0.58,   -0.95,   0.006
20191120,   -0.33,    0.00,   -0.45,   0.006
20191121,   -0.14,   -0.35,    0.11,   0.006
20191122,    0.24,    0.06,    0.22,   0.006
20191125,    0.92,    1.32,   -0.38,   0.006
20191126,    0.19,    0.06,   -0.90,   0.006
20191127,    0.44,    0.23,   -0.02,   0.006
20191129,   -0.42,   -0.04,   -0.31,   0.006
20191202,   -0.87,   -0.25,    0.48,   0.007
20191203,   -0.66,    0.60,   -0.83,   0.007
20191204,    0.60,    0.13,    0.25,   0.007
20191205,    0.13,   -0.21,    0.46,   0.007
20191206,    0.91,    0.24,    0.37,   0.007
20191209,   -0.33,    0.37,    0.12,   0.007
20191210,   -0.08,    0.31,   -0.09,   0.007
20191211,    0.28,   -0.07,    0.13,   0.007
20191212,    0.90,   -0.14,    1.14,   0.007
20191213,   -0.03,   -0.27,   -0.54,   0.007
20191216,    0.74,    0.02,   -0.04,   0.007
20191217,    0.10,    0.41,    0.67,   0.007
20191218,   -0.05,    0.20,    0.09,   0.007
20191219,    0.43,   -0.02,   -0.42,   0.007
20191220,    0.48,   -0.30,   -0.31,   0.007
20191223,    0.10,    0.20,   -0.34,   0.007
20191224,    0.01,    0.39,   -0.01,   0.007
20191226,    0.48,   -0.54,    0.00,   0.007
20191227,   -0.10,   -0.53,   -0.07,   0.007
20191230,   -0.57,    0.19,    0.56,   0.007
20191231,    0.28,   -0.01,    0.11,   0.007
20200102,    0.86,   -0.88,   -0.34,   0.006
20200103,   -0.67,    0.38,    0.01,   0.006
20200106,    0.36,   -0.07,   -0.55,   0.006
20200107,   -0.19,   -0.01,   -0.25,   0.006
20200108,    0.47,   -0.06,   -0.64,   0.006
20200109,    0.65,   -0.64,   -0.49,   0.006
20200110,   -0.34,   -0.19,   -0.33,   0.006
20200113,    0.73,   -0.11,   -0.08,   0.006
20200114,   -0.06,    0.39,   -0.18,   0.006
20200115,    0.16,    0.47,   -0.81,   0.006
20200116,    0.88,    0.52,   -0.11,   0.006
20200117,    0.28,   -0.64,   -0.13,   0.006
20200121,   -0.32,   -0.51,   -0.61,   0.006
20200122,    0.08,   -0.26,    0.01,   0.006
20200123,    0.08,   -0.05,   -0.13,   0.006
20200124,   -0.97,   -0.44,   -0.29,   0.006
20200127,   -1.56,    0.37,   -0.41,   0.006
20200128,    1.02,   -0.12,   -0.42,   0.006
20200129,   -0.10,   -0.24,   -0.97,   0.006
20200130,    0.34,   -0.68,    0.68,   0.006
20200131,   -1.74,   -0.42,   -0.35,   0.006
20200203,    0.84,    0.62,   -0.68,   0.006
20200204,    1.57,   -0.05,   -0.68,   0.006
20200205,    0.97,    0.31,    1.46,   0.006
20200206,    0.27,   -0.44,   -0.83,   0.006
20200207,   -0.55,   -0.79,   -0.03,   0.006
20200210,    0.73,    0.00,   -0.88,   0.006
20200211,    0.28,    0.05,    1.04,   0.006
20200212,    0.66,    0.15,   -0.35,   0.006
20200213,   -0.09,    0.20,    0.00,   0.006
20200214,    0.15,   -0.38,   -0.66,   0.006
20200218,   -0.19,    0.16,   -0.64,   0.006
20200219,    0.60,    0.18,    0.03,   0.006
20200220,   -0.35,    0.49,    0.66,   0.006
20200221,   -1.12,   -0.11,    0.02,   0.006
20200224,   -3.39,    0.18,    0.01,   0.006
20200225,   -3.09,   -0.10,   -0.68,   0.006
20200226,   -0.52,   -0.38,   -1.20,   0.006
20200227,   -4.22,    0.78,    0.05,   0.006
20200228,   -0.78,    0.30,   -0.80,   0.006
20200302,    4.31,   -1.69,   -0.43,   0.006
20200303,   -2.79,    0.80,   -0.63,   0.006
20200304,    4.03,   -1.08,   -1.17,   0.006
20200305,   -3.38,    0.24,   -1.40,   0.006
20200306,   -1.78,    0.06,   -1.49,   0.006
20200309,   -7.78,   -0.38,   -4.76,   0.006
20200310,    4.74,   -2.49,    0.79,   0.006
20200311,   -5.05,   -0.84,   -0.82,   0.006
20200312,   -9.63,   -0.44,   -1.17,   0.006
20200313,    8.96,   -2.72,    2.99,   0.006
20200316,  -12.00,   -0.26,   -0.75,   0.006
20200317,    5.88,    0.84,   -0.68,   0.006
20200318,   -5.56,   -3.57,   -4.70,   0.006
20200319,    1.31,    5.48,    0.85,   0.006
20200320,   -4.15,    0.35,   -0.88,   0.006
20200323,   -2.55,    2.23,   -3.29,   0.006
20200324,    9.34,   -1.26,    2.39,   0.006
20200325,    1.18,   -0.73,    1.93,   0.006
20200326,    6.02,   -0.72,    1.09,   0.006
20200327,   -3.48,   -0.83,   -0.76,   0.006
20200330,    3.16,   -0.30,   -2.11,   0.006
20200331,   -1.44,    1.80,   -0.39,   0.006
20200401,   -4.51,   -1.50,   -1.42,   0.000
20200402,    2.10,   -0.98,   -0.27,   0.000
20200403,   -1.64,   -1.09,   -1.14,   0.000
20200406,    7.06,    0.76,    0.30,   0.000
20200407,   -0.11,   -0.58,    2.09,   0.000
20200408,    3.40,    0.31,    1.29,   0.000
20200409,    1.59,    1.92,    3.16,   0.000
20200413,   -0.92,   -0.84,   -2.41,   0.000
20200414,    3.02,   -0.18,   -3.13,   0.000
20200415,   -2.15,   -1.23,   -2.54,   0.000
20200416,    0.62,   -0.21,   -2.97,   0.000
20200417,    2.72,    0.73,    2.76,   0.000
20200420,   -1.56,    0.77,   -0.91,   0.000
20200421,   -3.08,    0.93,    0.16,   0.000
20200422,    2.31,   -0.69,   -1.64,   0.000
20200423,    0.13,    1.11,    0.55,   0.000
20200424,    1.44,    0.26,   -0.13,   0.000
20200427,    1.73,    1.61,    2.70,   0.000
20200428,   -0.45,    0.99,    2.85,   0.000
20200429,    2.92,    1.88,    2.00,   0.000
20200430,   -1.18,   -1.43,   -1.68,   0.000
20200501,   -2.91,   -0.56,   -0.97,   0.000
20200504,    0.54,    0.20,   -1.28,   0.000
20200505,    0.95,    0.04,   -2.01,   0.000
20200506,   -0.52,    0.53,   -2.71,   0.000
20200507,    1.33,   -0.06,    0.40,   0.000
20200508,    1.90,    1.39,    2.46,   0.000
20200511,    0.07,    0.47,   -3.78,   0.000
20200512,   -2.06,   -0.84,   -1.35,   0.000
20200513,   -1.89,   -0.90,   -2.09,   0.000
20200514,    1.14,   -1.52,    0.92,   0.000
20200515,    0.57,    1.61,   -1.16,   0.000
20200518,    3.24,    1.57,    4.61,   0.000
20200519,   -1.01,   -0.54,   -1.50,   0.000
20200520,    1.80,    1.09,    1.31,   0.000
20200521,   -0.70,    0.63,    0.41,   0.000
20200522,    0.27,    0.47,   -0.86,   0.000
20200526,    1.23,    0.10,    4.56,   0.000
20200527,    1.54,    0.65,    3.61,   0.000
20200528,   -0.41,   -1.53,   -2.43,   0.000
20200529,    0.60,   -0.29,   -1.97,   0.000
20200601,    0.52,   -0.04,    0.42,   0.000
20200602,    0.81,   -0.09,    0.54,   0.000
20200603,    1.42,    0.16,    2.63,   0.000
20200604,   -0.34,   -0.22,    2.89,   0.000
20200605,    2.50,    0.67,    2.77,   0.000
20200608,    1.39,    0.37,    2.09,   0.000
20200609,   -0.85,   -0.25,   -1.93,   0.000
20200610,   -0.56,   -0.86,   -4.10,   0.000
20200611,   -5.91,   -0.82,   -3.04,   0.000
20200612,    1.29,    0.31,    1.83,   0.000
20200615,    1.09,    1.46,   -0.39,   0.000
20200616,    1.87,    0.60,    0.49,   0.000
20200617,   -0.40,   -0.90,   -1.98,   0.000
20200618,    0.19,    0.10,   -0.53,   0.000
20200619,   -0.45,    0.09,   -0.65,   0.000
20200622,    0.71,    0.84,   -1.36,   0.000
20200623,    0.42,    0.16,   -0.60,   0.000
20200624,   -2.61,   -0.45,   -1.36,   0.000
20200625,    1.12,    0.24,    0.51,   0.000
20200626,   -2.44,    0.12,   -1.40,   0.000
20200629,    1.51,    1.25,    1.84,   0.000
20200630,    1.58,    0.08,    0.01,   0.000
20200701,    0.41,   -1.28,   -2.58,   0.001
20200702,    0.50,   -0.02,   -0.13,   0.001
20200706,    1.65,   -0.62,    0.34,   0.001
20200707,   -1.03,   -0.50,   -1.50,   0.001
20200708,    0.91,    0.30,   -0.46,   0.001
20200709,   -0.53,   -0.93,   -2.61,   0.001
20200710,    1.11,   -0.07,    3.07,   0.001
20200713,   -1.20,   -0.77,    2.04,   0.001
20200714,    1.35,    0.43,   -0.29,   0.001
20200715,    1.14,    2.42,    1.25,   0.001
20200716,   -0.37,   -0.35,    0.80,   0.001
20200717,    0.30,    0.18,   -1.43,   0.001
20200720,    1.01,   -0.45,   -2.37,   0.001
20200721,    0.15,    0.84,    3.27,   0.001
20200722,    0.49,   -0.62,   -0.37,   0.001
20200723,   -1.20,    0.72,    1.97,   0.001
20200724,   -0.75,   -0.82,    0.44,   0.001
20200727,    0.88,    0.76,   -1.99,   0.001
20200728,   -0.81,   -0.71,    1.00,   0.001
20200729,    1.35,    0.48,    0.89,   0.001
20200730,   -0.29,    0.49,   -1.84,   0.001
20200731,    0.61,   -1.60,   -0.66,   0.001
20200803,    0.98,    1.22,   -0.84,   0.000
20200804,    0.37,    0.46,    0.04,   0.000
20200805,    0.78,    1.03,    0.83,   0.000
20200806,    0.53,   -0.42,   -0.83,   0.000
20200807,    0.02,    0.91,    2.40,   0.000
20200810,    0.24,    0.88,    1.73,   0.000
20200811,   -0.83,   -0.33,    1.64,   0.000
20200812,    1.40,   -0.51,   -1.34,   0.000
20200813,   -0.01,    0.18,   -1.33,   0.000
20200814,   -0.04,   -0.09,    1.08,   0.000
20200817,    0.45,    0.59,   -1.93,   0.000
20200818,    0.22,   -1.06,   -1.43,   0.000
20200819,   -0.38,    0.47,    0.10,   0.000
20200820,    0.31,   -0.52,   -1.55,   0.000
20200821,    0.26,   -1.09,   -0.43,   0.000
20200824,    0.92,   -0.37,    2.59,   0.000
20200825,    0.36,    0.15,   -0.65,   0.000
20200826,    1.00,   -1.17,   -1.74,   0.000
20200827,    0.18,   -0.34,    0.95,   0.000
20200828,    0.70,    0.26,   -0.23,   0.000
20200831,   -0.04,   -0.42,   -1.76,   0.000
20200901,    0.92,    0.44,   -0.30,   0.000
20200902,    1.27,   -0.50,   -0.45,   0.000
20200903,   -3.70,   -0.23,    2.60,   0.000
20200904,   -0.87,   -0.17,    2.06,   0.000
20200908,   -2.91,    0.66,   -0.28,   0.000
20200909,    2.07,   -0.17,   -2.00,   0.000
20200910,   -1.64,    0.30,   -0.07,   0.000
20200911,   -0.06,   -0.84,    0.89,   0.000
20200914,    1.59,    1.19,   -0.80,   0.000
20200915,    0.57,   -0.27,   -1.43,   0.000
20200916,   -0.39,    0.76,    1.31,   0.000
20200917,   -0.85,    0.36,    0.20,   0.000
20200918,   -0.88,    0.79,   -0.21,   0.000
20200921,   -1.08,   -2.03,   -1.89,   0.000
20200922,    1.02,   -0.14,   -1.63,   0.000
20200923,   -2.48,   -0.71,    0.16,   0.000
20200924,    0.25,   -0.21,    0.38,   0.000
20200925,    1.72,    0.14,   -1.34,   0.000
20200928,    1.66,    0.73,    1.05,   0.000
20200929,   -0.42,    0.76,   -1.33,   0.000
20200930,    0.79,   -0.73,    0.16,   0.000
20201001,    0.79,    1.04,   -0.54,   0.000
20201002,   -0.96,    1.08,    2.44,   0.000
20201005,    1.93,    1.02,   -0.10,   0.000
20201006,   -1.28,    0.74,    0.26,   0.000
20201007,    1.84,    0.53,    0.22,   0.000
20201008,    0.80,    0.03,    0.99,   0.000
20201009,    0.93,    0.01,   -1.41,   0.000
20201012,    1.53,   -0.83,   -0.09,   0.000
20201013,   -0.41,    0.18,   -1.72,   0.000
20201014,   -0.65,    0.09,    0.03,   0.000
20201015,   -0.08,    0.89,    1.14,   0.000
20201016,   -0.06,   -0.18,    0.06,   0.000
20201019,   -1.53,    0.35,    0.30,   0.000
20201020,    0.34,   -0.24,    1.26,   0.000
20201021,   -0.36,   -0.47,    0.41,   0.000
20201022,    0.67,    0.61,    1.03,   0.000
20201023,    0.38,    0.42,    0.04,   0.000
20201026,   -1.85,   -0.28,   -0.39,   0.000
20201027,   -0.23,   -0.07,   -2.33,   0.000
20201028,   -3.41,    0.01,    0.58,   0.000
20201029,    1.13,    0.17,    0.27,   0.000
20201030,   -1.45,   -0.80,    1.86,   0.000
20201102,    1.17,    0.53,    0.99,   0.000
20201103,    1.93,    1.00,   -0.20,   0.000
20201104,    2.25,   -1.49,   -5.00,   0.000
20201105,    2.13,    1.00,    0.52,   0.000
20201106,    0.01,   -0.86,   -0.93,   0.000
20201109,    0.86,    0.80,    6.74,   0.000
20201110,   -0.17,    1.56,    2.16,   0.000
20201111,    0.88,   -0.57,   -1.75,   0.000
20201112,   -0.94,   -0.23,   -1.18,   0.000
20201113,    1.31,    0.61,    1.14,   0.000
20201116,    1.22,    0.78,    2.00,   0.000
20201117,   -0.19,    0.61,    0.00,   0.000
20201118,   -0.93,   -0.03,    0.02,   0.000
20201119,    0.59,    0.47,   -0.76,   0.000
20201120,   -0.51,    0.68,   -0.60,   0.000
20201123,    0.83,    0.87,    1.57,   0.000
20201124,    1.56,   -0.11,    2.76,   0.000
20201125,    0.03,    0.00,   -1.33,   0.000
20201127,    0.43,    0.47,   -1.62,   0.000
20201130,   -0.53,   -0.99,   -2.07,   0.000
20201201,    0.98,   -0.26,    0.54,   0.000
20201202,    0.11,   -0.09,    1.07,   0.000
20201203,    0.18,    0.49,   -0.09,   0.000
20201204,    1.02,    1.47,    0.84,   0.000
20201207,    0.03,    0.24,   -1.02,   0.000
20201208,    0.47,    1.02,   -0.71,   0.000
20201209,   -1.03,   -0.06,    1.28,   0.000
20201210,    0.24,    1.12,   -0.47,   0.000
20201211,   -0.20,   -0.38,   -0.71,   0.000
20201214,   -0.28,    0.58,   -1.52,   0.000
20201215,    1.28,    1.08,    0.36,   0.000
20201216,    0.17,   -0.43,   -0.38,   0.000
20201217,    0.79,    0.69,   -0.71,   0.000
20201218,   -0.12,    0.07,   -1.17,   0.000
20201221,   -0.23,    0.13,   -0.05,   0.000
20201222,    0.06,    1.21,   -1.61,   0.000
20201223,    0.10,    0.38,    2.03,   0.000
20201224,    0.21,   -0.41,   -0.19,   0.000
20201228,    0.46,   -0.73,    0.36,   0.000
20201229,   -0.40,   -1.53,    0.24,   0.000
20201230,    0.27,    1.01,    0.03,   0.000
20201231,    0.39,   -0.89,    0.41,   0.000
20210104,   -1.41,    0.22,    0.58,   0.000
20210105,    0.86,    1.23,    0.48,   0.000
20210106,    0.79,    2.14,    3.93,   0.000
20210107,    1.76,    0.33,   -0.83,   0.000
20210108,    0.51,   -0.75,   -1.38,   0.000
20210111,   -0.51,    0.26,    1.26,   0.000
20210112,    0.38,    1.29,    1.21,   0.000
20210113,    0.07,   -0.93,   -0.45,   0.000
20210114,   -0.11,    2.03,    1.11,   0.000
20210115,   -0.86,   -0.49,   -0.76,   0.000
20210119,    0.92,    0.88,   -0.80,   0.000
20210120,    1.26,   -0.39,   -1.08,   0.000
20210121,   -0.04,   -0.55,   -0.94,   0.000
20210122,   -0.07,    1.87,   -0.12,   0.000
20210125,    0.29,   -0.05,   -0.41,   0.000
20210126,   -0.32,    0.02,    0.01,   0.000
20210127,   -2.53,    1.33,    1.55,   0.000
20210128,    0.92,   -1.94,   -0.91,   0.000
20210129,   -1.84,    0.59,    0.58,   0.000
20210201,    1.73,    0.93,   -1.47,   0.000
20210202,    1.48,   -0.85,   -1.08,   0.000
20210203,    0.15,    0.43,    0.70,   0.000
20210204,    1.23,    0.38,    0.37,   0.000
20210205,    0.58,    1.07,   -0.47,   0.000
20210208,    0.96,    2.11,    0.39,   0.000
20210209,    0.05,    0.71,   -0.17,   0.000
20210210,   -0.08,   -0.48,    0.64,   0.000
20210211,    0.19,   -0.22,   -0.43,   0.000
20210212,    0.49,   -0.14,    0.49,   0.000
20210216,   -0.14,   -0.61,    1.88,   0.000
20210217,   -0.21,   -0.85,    0.61,   0.000
20210218,   -0.63,   -1.55,   -0.19,   0.000
20210219,    0.16,    1.79,    0.71,   0.000
20210222,   -1.13,   -0.05,    3.16,   0.000
20210223,   -0.15,   -1.27,    0.90,   0.000
20210224,    1.15,    1.21,    1.40,   0.000
20210225,   -2.74,   -1.14,    0.92,   0.000
20210226,   -0.28,    0.66,   -1.57,   0.000
20210301,    2.63,    1.09,    0.23,   0.000
20210302,   -1.05,   -1.09,    1.24,   0.000
20210303,   -1.57,   -0.19,    3.57,   0.000
20210304,   -1.70,   -1.36,    1.71,   0.000
20210305,    1.85,    0.21,    0.62,   0.000
20210308,   -0.67,    0.61,    3.70,   0.000
20210309,    1.79,    1.29,   -3.24,   0.000
20210310,    0.68,    0.77,    1.82,   0.000
20210311,    1.44,    1.60,   -2.02,   0.000
20210312,    0.10,    0.13,    1.30,   0.000
20210315,    0.70,   -0.11,   -1.29,   0.000
20210316,   -0.43,   -1.11,   -0.83,   0.000
20210317,    0.33,    0.47,    0.33,   0.000
20210318,   -1.88,   -1.75,    2.18,   0.000
20210319,    0.25,    1.26,   -0.99,   0.000
20210322,    0.55,   -1.20,   -2.21,   0.000
20210323,   -1.17,   -2.71,   -1.04,   0.000
20210324,   -1.01,   -1.97,    1.47,   0.000
20210325,    0.67,    1.68,    1.39,   0.000
20210326,    1.55,    0.18,    0.69,   0.000
20210329,   -0.49,   -2.40,   -0.23,   0.000
20210330,   -0.02,    1.54,    1.00,   0.000
20210331,    0.63,    1.11,   -2.33,   0.000
20210401,    1.27,    0.29,    0.00,   0.000
20210405,    1.27,   -0.59,   -0.71,   0.000
20210406,    0.01,   -0.32,    0.10,   0.000
20210407,   -0.12,   -1.61,    0.32,   0.000
20210408,    0.62,    0.59,   -1.16,   0.000
20210409,    0.65,   -0.64,    0.14,   0.000
20210412,   -0.05,   -0.62,    0.58,   0.000
20210413,    0.41,   -0.28,   -1.61,   0.000
20210414,   -0.35,    0.79,    1.41,   0.000
20210415,    1.04,   -0.44,   -1.19,   0.000
20210416,    0.27,   -0.36,    0.65,   0.000
20210419,   -0.73,   -0.77,    0.79,   0.000
20210420,   -0.94,   -1.18,   -1.56,   0.000
20210421,    1.11,    1.39,    0.10,   0.000
20210422,   -0.77,    0.65,   -0.76,   0.000
20210423,    1.26,    0.75,    0.70,   0.000
20210426,    0.43,    0.87,   -0.50,   0.000
20210427,   -0.03,   -0.16,    0.84,   0.000
20210428,   -0.06,    0.20,    0.19,   0.000
20210429,    0.39,   -1.14,    1.09,   0.000
20210430,   -0.83,   -0.43,   -0.32,   0.000
20210503,    0.17,    0.43,    1.70,   0.000
20210504,   -0.89,   -0.75,    2.00,   0.000
20210505,   -0.06,   -0.46,    1.34,   0.000
20210506,    0.48,   -0.83,    1.20,   0.000
20210507,    0.84,    0.43,   -0.09,   0.000
20210510,   -1.36,   -1.68,    1.70,   0.000
20210511,   -0.63,    0.96,   -0.89,   0.000
20210512,   -2.34,   -1.33,    0.71,   0.000
20210513,    1.02,    0.26,    1.14,   0.000
20210514,    1.81,    0.98,   -0.15,   0.000
20210517,   -0.24,    0.60,    0.83,   0.000
20210518,   -0.69,    0.26,   -0.94,   0.000
20210519,   -0.34,   -0.37,   -0.46,   0.000
20210520,    1.15,   -0.11,   -1.42,   0.000
20210521,   -0.04,    0.22,    0.98,   0.000
20210524,    0.99,   -0.37,   -0.69,   0.000
20210525,   -0.30,   -0.61,   -1.23,   0.000
20210526,    0.47,    1.77,    0.56,   0.000
20210527,    0.28,    0.80,    0.94,   0.000
20210528,    0.04,   -0.30,   -0.30,   0.000
20210601,    0.03,    1.11,    1.45,   0.000
20210602,    0.12,   -0.12,    0.31,   0.000
20210603,   -0.53,   -0.53,    0.72,   0.000
20210604,    0.89,   -0.36,   -0.89,   0.000
20210607,    0.15,    1.57,   -0.96,   0.000
20210608,    0.19,    1.15,   -0.31,   0.000
20210609,   -0.30,   -0.29,   -0.84,   0.000
20210610,    0.40,   -0.89,   -2.04,   0.000
20210611,    0.37,    0.67,    0.18,   0.000
20210614,    0.15,   -0.31,   -1.61,   0.000
20210615,   -0.30,   -0.03,    1.30,   0.000
20210616,   -0.45,    0.44,    0.20,   0.000
20210617,    0.01,   -0.49,   -3.57,   0.000
20210618,   -1.22,   -0.42,   -1.44,   0.000
20210621,    1.34,    0.59,    1.06,   0.000
20210622,    0.58,    0.04,   -0.43,   0.000
20210623,    0.01,    0.55,   -0.29,   0.000
20210624,    0.69,    0.65,    0.23,   0.000
20210625,    0.31,   -0.70,    0.43,   0.000
20210628,    0.22,   -0.49,   -1.60,   0.000
20210629,    0.00,   -0.25,   -0.29,   0.000
20210630,    0.07,   -0.12,    0.76,   0.000
20210701,    0.43,    0.37,    0.41,   0.000
20210702,    0.56,   -1.33,   -0.72,   0.000
20210706,   -0.28,   -0.65,   -1.99,   0.000
20210707,    0.09,   -0.92,    0.08,   0.000
20210708,   -0.86,    0.15,   -0.77,   0.000
20210709,    1.25,    0.62,    1.57,   0.000
20210712,    0.23,   -0.17,    0.56,   0.000
20210713,   -0.56,   -1.13,   -0.41,   0.000
20210714,   -0.26,   -1.16,    0.34,   0.000
20210715,   -0.38,   -0.36,    0.79,   0.000
20210716,   -0.77,   -0.23,   -1.25,   0.000
20210719,   -1.41,    0.31,   -1.74,   0.000
20210720,    1.69,    0.79,    0.16,   0.000
20210721,    0.95,    0.63,    0.79,   0.000
20210722,    0.09,   -1.34,   -1.01,   0.000
20210723,    0.98,   -0.10,   -0.47,   0.000
20210726,    0.18,   -0.09,    1.33,   0.000
20210727,   -0.66,   -0.66,    0.60,   0.000
20210728,    0.27,    1.41,   -0.66,   0.000
20210729,    0.41,   -0.01,    0.94,   0.000
20210730,   -0.65,   -0.07,   -0.17,   0.000
20210802,   -0.12,   -0.15,   -0.41,   0.000
20210803,    0.73,   -0.48,    0.92,   0.000
20210804,   -0.39,   -0.61,   -1.56,   0.000
20210805,    0.74,    1.14,   -0.10,   0.000
20210806,    0.09,    0.05,    1.88,   0.000
20210809,    0.01,   -0.36,   -0.26,   0.000
20210810,    0.06,    0.00,    1.82,   0.000
20210811,    0.19,   -0.01,    1.41,   0.000
20210812,    0.24,   -0.59,   -0.40,   0.000
20210813,    0.00,   -0.85,   -0.25,   0.000
20210816,   -0.05,   -0.86,    0.05,   0.000
20210817,   -0.80,   -0.45,   -0.11,   0.000
20210818,   -0.95,    0.12,   -0.19,   0.000
20210819,   -0.15,   -0.79,   -0.82,   0.000
20210820,    0.92,    1.00,   -0.49,   0.000
20210823,    1.08,    0.94,   -0.85,   0.000
20210824,    0.41,    0.36,    0.36,   0.000
20210825,    0.26,   -0.04,    0.36,   0.000
20210826,   -0.65,   -0.39,   -0.32,   0.000
20210827,    1.07,    1.62,    0.30,   0.000
20210830,    0.35,   -0.35,   -1.37,   0.000
20210831,   -0.13,    0.44,   -0.05,   0.000
20210901,    0.11,    0.59,   -0.94,   0.000
20210902,    0.36,    0.10,   -0.04,   0.000
20210903,   -0.01,   -0.38,   -0.26,   0.000
20210907,   -0.36,   -0.14,   -0.09,   0.000
20210908,   -0.34,   -0.81,    0.08,   0.000
20210909,   -0.27,    0.23,    0.09,   0.000
20210910,   -0.76,   -0.10,    0.02,   0.000
20210913,    0.14,   -0.05,    1.34,   0.000
20210914,   -0.66,   -0.50,   -0.97,   0.000
20210915,    0.88,    0.02,    0.63,   0.000
20210916,   -0.03,    0.04,   -0.55,   0.000
20210917,   -0.72,    0.99,   -0.05,   0.000
20210920,   -1.87,   -0.58,    0.23,   0.000
20210921,    0.05,    0.45,   -0.67,   0.000
20210922,    1.00,    0.17,    0.53,   0.000
20210923,    1.28,    0.36,    0.93,   0.000
20210924,    0.08,   -0.47,    0.70,   0.000
20210927,   -0.10,    1.25,    2.43,   0.000
20210928,   -2.18,   -0.44,    1.76,   0.000
20210929,    0.03,   -0.30,    0.80,   0.000
20210930,   -1.02,    0.32,   -0.77,   0.000
20211001,    1.10,    0.40,    0.50,   0.000
20211004,   -1.43,   -0.03,    2.34,   0.000
20211005,    1.05,   -0.52,   -0.07,   0.000
20211006,    0.33,   -0.86,   -0.49,   0.000
20211007,    1.01,    0.53,   -0.17,   0.000
20211008,   -0.28,   -0.61,    1.12,   0.000
20211011,   -0.72,    0.32,   -0.28,   0.000
20211012,   -0.06,    0.63,   -0.44,   0.000
20211013,    0.43,    0.14,   -1.06,   0.000
20211014,    1.65,   -0.34,   -0.27,   0.000
20211015,    0.63,   -1.20,    0.30,   0.000
20211018,    0.41,   -0.25,   -0.01,   0.000
20211019,    0.71,   -0.49,   -0.23,   0.000
20211020,    0.34,   -0.02,    1.19,   0.000
20211021,    0.37,    0.21,   -0.95,   0.000
20211022,   -0.25,   -0.24,    1.01,   0.000
20211025,    0.58,    0.48,   -0.15,   0.000
20211026,    0.04,   -0.71,   -0.31,   0.000
20211027,   -0.76,   -0.74,   -1.18,   0.000
20211028,    1.14,    0.88,   -0.49,   0.000
20211029,    0.22,    0.20,   -0.84,   0.000
20211101,    0.51,    2.02,    0.44,   0.000
20211102,    0.24,   -0.29,   -0.54,   0.000
20211103,    0.80,    1.45,   -0.12,   0.000
20211104,    0.39,   -0.03,   -1.37,   0.000
20211105,    0.38,    0.68,    1.19,   0.000
20211108,    0.18,    0.02,    0.07,   0.000
20211109,   -0.35,   -0.18,    0.45,   0.000
20211110,   -1.07,   -0.65,    0.94,   0.000
20211111,    0.24,    0.54,    0.33,   0.000
20211112,    0.74,   -0.32,   -0.91,   0.000
20211115,   -0.02,   -0.54,    0.71,   0.000
20211116,    0.50,    0.04,   -0.72,   0.000
20211117,   -0.47,   -0.55,   -0.25,   0.000
20211118,    0.06,   -0.57,   -0.07,   0.000
20211119,   -0.20,   -0.17,   -1.29,   0.000
20211122,   -0.61,   -0.54,    2.76,   0.000
20211123,   -0.03,   -0.52,    1.75,   0.000
20211124,    0.30,    0.03,   -0.87,   0.000
20211126,   -2.22,   -1.23,   -0.92,   0.000
20211129,    1.11,   -1.01,   -0.79,   0.000
20211130,   -1.95,    0.52,   -1.13,   0.000
20211201,   -1.61,   -0.80,    1.10,   0.000
20211202,    1.51,    0.72,    1.27,   0.000
20211203,   -1.21,   -1.13,    1.06,   0.000
20211206,    1.19,    0.75,    0.63,   0.000
20211207,    2.22,    0.20,   -1.79,   0.000
20211208,    0.47,    0.66,   -0.83,   0.000
20211209,   -1.07,   -1.37,    1.57,   0.000
20211210,    0.70,   -0.83,    0.50,   0.000
20211213,   -1.04,   -0.31,   -0.98,   0.000
20211214,   -0.76,   -0.67,    1.64,   0.000
20211215,    1.62,    0.39,   -1.91,   0.000
20211216,   -1.20,   -1.60,    2.78,   0.000
20211217,   -0.65,    1.89,   -2.33,   0.000
20211220,   -1.27,   -0.15,   -0.41,   0.000
20211221,    2.06,    0.82,    0.19,   0.000
20211222,    0.97,    0.25,   -0.36,   0.000
20211223,    0.71,    0.35,   -0.48,   0.000
20211227,    1.22,   -0.11,    0.29,   0.000
20211228,   -0.27,   -0.60,    0.81,   0.000
20211229,    0.06,   -0.07,    0.17,   0.000
20211230,   -0.15,    0.10,   -0.40,   0.000
20211231,   -0.31,    0.04,    0.53,   0.000
20220103,    0.73,    0.33,    0.78,   0.000
20220104,   -0.29,   -0.82,    3.62,   0.000
20220105,   -2.28,   -1.46,    2.60,   0.000
20220106,    0.00,    0.21,    1.75,   0.000
20220107,   -0.48,   -1.32,    2.02,   0.000
20220110,   -0.15,   -0.22,   -0.28,   0.000
20220111,    1.10,   -0.08,   -0.30,   0.000
20220112,    0.12,   -0.88,    0.50,   0.000
20220113,   -1.57,    0.30,    2.41,   0.000
20220114,    0.08,    0.18,    0.54,   0.000
20220118,   -2.08,   -1.03,    1.37,   0.000
20220119,   -1.01,   -0.33,   -0.67,   0.000
20220120,   -1.14,   -0.86,   -0.23,   0.000
20220121,   -2.10,    0.28,    0.49,   0.000
20220124,    0.53,    1.81,   -0.25,   0.000
20220125,   -1.43,   -0.61,    2.79,   0.000
20220126,   -0.30,   -1.08,    0.09,   0.000
20220127,   -0.79,   -1.64,    0.79,   0.000
20220128,    2.45,   -0.14,   -2.07,   0.000
20220131,    2.34,    1.31,   -2.86,   0.000
20220201,    0.87,    0.05,    0.65,   0.000
20220202,    0.48,   -1.74,    0.72,   0.000
20220203,   -2.49,   -0.05,    2.18,   0.000
20220204,    0.89,   -0.02,   -0.60,   0.000
20220207,   -0.25,    0.53,    0.23,   0.000
20220208,    1.02,    0.68,   -0.28,   0.000
20220209,    1.61,    0.22,   -1.95,   0.000
20220210,   -1.69,   -0.14,    1.23,   0.000
20220211,   -1.92,    0.60,    2.13,   0.000
20220214,   -0.35,    0.21,   -0.59,   0.000
20220215,    1.87,    1.33,   -1.42,   0.000
20220216,   -0.02,   -0.09,    0.31,   0.000
20220217,   -2.28,   -0.28,    1.10,   0.000
20220218,   -0.87,   -0.09,    0.93,   0.000
20220222,   -1.18,   -0.48,    0.11,   0.000
20220223,   -1.96,   -0.20,    1.26,   0.000
20220224,    1.89,    1.51,   -3.86,   0.000
20220225,    2.23,   -0.41,    1.22,   0.000
20220228,    0.05,    0.63,   -0.50,   0.000
20220301,   -1.57,   -0.10,   -0.81,   0.000
20220302,    1.81,    0.42,    1.34,   0.000
20220303,   -0.88,   -0.57,    1.52,   0.000
20220304,   -1.10,   -0.67,    0.68,   0.000
20220307,   -3.12,    0.58,    0.89,   0.000
20220308,   -0.52,    1.02,    0.32,   0.000
20220309,    2.80,    0.32,   -2.09,   0.000
20220310,   -0.47,    0.11,    1.16,   0.000
20220311,   -1.49,   -0.44,    1.79,   0.000
20220314,   -1.06,   -1.34,    1.77,   0.000
20220315,    2.15,   -0.12,   -2.39,   0.000
20220316,    2.61,    0.80,   -1.83,   0.000
20220317,    1.43,    0.29,   -1.09,   0.000
20220318,    1.33,    0.27,   -1.85,   0.000
20220321,   -0.18,   -1.11,    1.59,   0.000
20220322,    1.31,    0.04,   -1.16,   0.000
20220323,   -1.26,   -0.64,    0.37,   0.000
20220324,    1.42,   -0.09,   -0.79,   0.000
20220325,    0.27,   -0.59,    2.18,   0.000
20220328,    0.73,   -0.56,   -1.70,   0.000
20220329,    1.45,    1.54,   -1.92,   0.000
20220330,   -0.83,   -1.27,    0.40,   0.000
20220331,   -1.55,    0.71,   -0.44,   0.000
20220401,    0.39,    0.69,   -0.59,   0.001
20220404,    0.94,   -0.05,   -1.88,   0.001
20220405,   -1.54,   -0.97,    0.84,   0.001
20220406,   -1.24,   -0.66,    1.09,   0.001
20220407,    0.33,   -0.61,   -0.13,   0.001
20220408,   -0.39,   -0.99,    2.24,   0.001
20220411,   -1.53,    0.29,    1.06,   0.001
20220412,   -0.29,    0.55,    0.46,   0.001
20220413,    1.40,    0.93,   -0.71,   0.001
20220414,   -1.28,    0.03,    1.41,   0.001
20220418,   -0.21,   -0.81,    1.80,   0.001
20220419,    1.77,    0.59,   -0.95,   0.001
20220420,   -0.28,    0.19,    1.26,   0.001
20220421,   -1.75,   -0.71,    0.41,   0.001
20220422,   -2.74,    0.32,   -0.16,   0.001
20220425,    0.71,    0.43,   -1.83,   0.001
20220426,   -3.00,   -0.67,    1.79,   0.001
20220427,    0.12,   -0.61,    0.34,   0.001
20220428,    2.44,   -0.19,   -0.45,   0.001
20220429,   -3.53,    0.74,    0.59,   0.001
20220502,    0.80,    0.59,   -1.15,   0.001
20220503,    0.41,   -0.17,    1.62,   0.001
20220504,    3.00,   -0.45,    0.24,   0.001
20220505,   -3.80,   -0.78,    2.37,   0.001
20220506,   -0.85,   -1.31,    1.77,   0.001
20220509,   -3.54,   -0.50,    1.37,   0.001
20220510,    0.20,   -0.22,   -1.22,   0.001
20220511,   -1.95,   -1.11,    2.59,   0.001
20220512,    0.17,    1.28,   -1.23,   0.001
20220513,    2.76,    0.90,   -2.20,   0.001
20220516,   -0.60,   -0.21,    1.35,   0.001
20220517,    2.14,    0.96,   -0.05,   0.001
20220518,   -4.04,    0.21,    1.53,   0.001
20220519,   -0.34,    0.48,   -0.80,   0.001
20220520,   -0.05,   -0.11,   -0.19,   0.001
20220523,    1.74,   -1.07,    1.29,   0.001
20220524,   -1.23,   -0.94,    1.85,   0.001
20220525,    1.22,    0.79,    0.21,   0.001
20220526,    2.18,    0.20,   -0.62,   0.001
20220527,    2.58,    0.36,   -1.30,   0.001
20220531,   -0.71,   -0.50,    0.45,   0.001
20220601,   -0.75,    0.19,    0.79,   0.003
20220602,    2.09,    0.84,   -2.07,   0.003
20220603,   -1.63,    0.85,    0.53,   0.003
20220606,    0.33,   -0.01,    0.65,   0.003
20220607,    0.99,    0.31,   -0.14,   0.003
20220608,   -1.02,   -0.09,   -0.53,   0.003
20220609,   -2.44,    0.31,    0.26,   0.003
20220610,   -3.00,    0.11,    0.62,   0.003
20220613,   -4.13,   -0.66,    0.62,   0.003
20220614,   -0.25,    0.22,    0.12,   0.003
20220615,    1.55,    0.28,   -1.65,   0.003
20220616,   -3.52,   -1.18,    0.03,   0.003
20220617,    0.47,    1.11,   -2.62,   0.003
20220621,    2.38,   -0.75,    0.24,   0.003
20220622,   -0.18,    0.19,   -1.77,   0.003
20220623,    1.13,    0.79,   -3.85,   0.003
20220624,    3.11,   -0.36,   -0.04,   0.003
20220627,   -0.28,    0.56,    1.24,   0.003
20220628,   -2.10,   -0.35,    2.36,   0.003
20220629,   -0.20,   -0.45,   -1.30,   0.003
20220630,   -0.96,    0.42,   -0.15,   0.003
20220701,    1.15,    0.03,    0.11,   0.004
20220705,    0.49,    1.79,   -3.35,   0.004
20220706,    0.17,   -0.76,   -0.73,   0.004
20220707,    1.77,    0.98,   -0.98,   0.004
20220708,   -0.07,    0.11,   -0.07,   0.004
20220711,   -1.39,   -1.30,    1.59,   0.004
20220712,   -0.88,    0.74,    0.51,   0.004
20220713,   -0.39,    0.45,   -0.40,   0.004
20220714,   -0.41,   -0.27,   -1.01,   0.004
20220715,    1.95,   -0.06,    0.47,   0.004
20220718,   -0.71,    0.21,    1.02,   0.004
20220719,    2.80,    0.91,   -0.56,   0.004
20220720,    0.89,    1.48,   -1.31,   0.004
20220721,    0.97,    0.04,   -1.63,   0.004
20220722,   -1.19,   -1.07,    1.37,   0.004
20220725,    0.11,   -0.31,    1.69,   0.004
20220726,   -1.32,    0.09,    1.06,   0.004
20220727,    2.72,    0.49,   -1.27,   0.004
20220728,    1.19,    0.08,   -0.86,   0.004
20220729,    1.44,   -0.96,    0.45,   0.004
20220801,   -0.19,    0.33,   -0.26,   0.008
20220802,   -0.49,    0.90,   -1.40,   0.008
20220803,    1.67,    0.76,   -1.92,   0.008
20220804,   -0.06,    0.80,   -1.65,   0.008
20220805,   -0.05,    0.89,   -0.06,   0.008
20220808,    0.00,    0.94,   -0.08,   0.008
20220809,   -0.68,   -1.82,    2.12,   0.008
20220810,    2.36,    1.14,   -1.60,   0.008
20220811,   -0.07,   -0.22,    1.66,   0.008
20220812,    1.76,    0.62,   -0.75,   0.008
20220815,    0.38,    0.14,   -0.63,   0.008
20220816,    0.19,   -0.34,    0.72,   0.008
20220817,   -0.93,   -1.17,    1.04,   0.008
20220818,    0.27,    0.19,    0.46,   0.008
20220819,   -1.50,   -1.16,    0.96,   0.008
20220822,   -2.14,   -0.18,    0.36,   0.008
20220823,   -0.11,    0.02,    0.33,   0.008
20220824,    0.40,    0.64,   -0.62,   0.008
20220825,    1.45,    0.18,   -0.01,   0.008
20220826,   -3.38,   -0.55,    1.69,   0.008
20220829,   -0.72,   -0.57,    0.42,   0.008
20220830,   -1.11,   -0.25,   -0.24,   0.008
20220831,   -0.74,    0.28,   -0.44,   0.008
20220901,   -0.01,   -1.11,   -0.30,   0.009
20220902,   -0.99,   -0.07,    1.07,   0.009
20220906,   -0.51,   -0.46,   -0.53,   0.009
20220907,    1.92,    0.70,   -1.53,   0.009
20220908,    0.78,   -0.07,   -0.19,   0.009
20220909,    1.67,    0.52,   -0.52,   0.009
20220912,    1.07,    0.29,   -0.16,   0.009
20220913,   -4.29,   -0.19,    1.44,   0.009
20220914,    0.44,   -0.05,   -0.29,   0.009
20220915,   -1.03,    0.37,    0.55,   0.009
20220916,   -0.98,   -0.84,    0.84,   0.009
20220919,    0.72,   -0.15,    0.67,   0.009
20220920,   -1.16,   -0.20,    0.05,   0.009
20220921,   -1.68,    0.37,    0.08,   0.009
20220922,   -1.14,   -1.35,    0.41,   0.009
20220923,   -1.85,   -0.25,   -0.81,   0.009
20220926,   -1.02,    0.18,   -0.74,   0.009
20220927,   -0.05,    0.63,   -0.94,   0.009
20220928,    2.15,    0.90,   -0.33,   0.009
20220929,   -2.17,   -0.46,    0.87,   0.009
20220930,   -1.42,    0.51,    0.27,   0.009
20221003,    2.55,   -0.26,    0.69,   0.011
20221004,    3.30,    0.77,   -0.05,   0.011
20221005,   -0.22,   -0.36,    0.08,   0.011
20221006,   -0.86,    0.53,    0.12,   0.011
20221007,   -2.91,   -0.63,    1.67,   0.011
20221010,   -0.81,    0.04,    0.77,   0.011
20221011,   -0.70,    0.55,    0.33,   0.011
20221012,   -0.27,    0.09,    0.00,   0.011
20221013,    2.40,   -0.62,    1.58,   0.011
20221014,   -2.46,   -0.46,    1.21,   0.011
20221017,    2.74,    0.68,   -1.42,   0.011
20221018,    1.19,   -0.11,    0.00,   0.011
20221019,   -0.87,   -1.32,    1.21,   0.011
20221020,   -0.80,   -0.28,   -0.44,   0.011
20221021,    2.30,   -0.18,    0.11,   0.011
20221024,    1.03,   -0.73,    0.46,   0.011
20221025,    1.78,    1.36,   -1.51,   0.011
20221026,   -0.66,    0.42,    0.89,   0.011
20221027,   -0.54,    0.32,    1.06,   0.011
20221028,    2.33,   -0.03,   -0.33,   0.011
20221031,   -0.67,    0.38,    0.74,   0.011
20221101,   -0.35,    0.16,    0.78,   0.014
20221102,   -2.67,   -1.21,    1.60,   0.014
20221103,   -1.03,    0.31,    0.31,   0.014
20221104,    1.16,   -0.60,    1.29,   0.014
20221107,    0.87,   -0.49,    0.60,   0.014
20221108,    0.50,   -0.47,   -0.38,   0.014
20221109,   -2.25,   -0.62,    0.55,   0.014
20221110,    5.68,    1.66,   -3.10,   0.014
20221111,    1.07,    0.30,   -1.08,   0.014
20221114,   -0.95,   -0.40,    0.25,   0.014
20221115,    1.03,    0.73,   -0.70,   0.014
20221116,   -1.03,   -1.21,    0.57,   0.014
20221117,   -0.42,   -0.51,    0.58,   0.014
20221118,    0.40,   -0.18,    0.08,   0.014
20221121,   -0.53,   -0.35,    0.99,   0.014
20221122,    1.35,   -0.52,    0.45,   0.014
20221123,    0.63,    0.02,   -0.94,   0.014
20221125,   -0.02,    0.22,    0.43,   0.014
20221128,   -1.55,   -0.40,   -0.21,   0.014
20221129,   -0.18,    0.11,    1.03,   0.014
20221130,    3.12,    0.35,   -2.07,   0.014
20221201,   -0.02,    0.26,   -0.69,   0.016
20221202,   -0.08,    0.92,   -0.56,   0.016
20221205,   -2.02,   -0.60,   -0.53,   0.016
20221206,   -1.51,   -0.23,    1.16,   0.016
20221207,   -0.24,   -0.14,   -0.33,   0.016
20221208,    0.77,    0.20,   -1.20,   0.016
20221209,   -0.80,   -0.54,    0.35,   0.016
20221212,    1.41,   -0.32,   -0.15,   0.016
20221213,    0.66,    0.19,   -0.75,   0.016
20221214,   -0.56,    0.03,   -0.44,   0.016
20221215,   -2.57,   -0.38,    1.37,   0.016
20221216,   -1.02,    0.52,    0.18,   0.016
20221219,   -1.01,   -0.77,    1.24,   0.016
20221220,    0.13,    0.22,    0.24,   0.016
20221221,    1.52,    0.12,   -0.14,   0.016
20221222,   -1.52,    0.10,    0.37,   0.016
20221223,    0.51,   -0.60,    1.15,   0.016
20221227,   -0.51,   -0.73,    1.43,   0.016
20221228,   -1.23,   -0.24,   -0.29,   0.016
20221229,    1.87,    1.26,   -1.07,   0.016
20221230,   -0.22,    0.10,   -0.03,   0.016
